Country,2018 Required,2018 Available,2018 Expenditure,2018 Gap,2019 Required,2019 Available,2019 Expenditure,2019 Gap,2020 Required,2020 Available,2020 Expenditure,2020 Gap,2021 Required,2021 Available,2021 Expenditure,2021 Gap,2022 Required,2022 Available,2022 Expenditure,2022 Gap,2023 Required,2023 Available,2023 Expenditure,2023 Gap,2024 Required,2024 Available,2024 Expenditure,2024 Gap
Bahrain,217210.0,164681.56,135164.78,52528.44,217210.0,173708.55,121720.26,43501.45,217210.0,167590.75999999998,108527.88,49619.23999999999,217210.0,197012.61000000002,141334.63,20197.38999999999,268845.0,236724.02,191724.21,32120.979999999996,2774720.0,1887947.02,1553036.4799999997,886772.98,2602360.0,2090447.35,1607847.4,511912.6499999999
Iraq,6497852.9,4339922.21,3469270.47,2157930.6900000004,6497852.9,4939631.77,3276562.82,1558221.1300000001,6497852.9,4833134.88,3798668.75,1664718.02,8425589.7,6656845.01,5207262.08,1768744.6900000002,7117950.0,5374719.27,3971667.2,1743230.73,7571780.0,6032877.4,4928323.800000001,1538902.6,6103399.0,4740684.47,4075556.87,1362714.53
Jordan,44000.0,33295.15,22049.88,10704.849999999999,44000.0,34017.42,21414.69,9982.580000000002,44000.0,35635.87,23653.6,8364.129999999997,44000.0,37665.41,24800.01,6334.5899999999965,44000.0,29204.22,18312.39,14795.779999999999,44000.0,39304.44,28627.67,4695.559999999998,44000.0,36973.25,34245.79,7026.75
Lebanon,1174162.0,854532.14,736309.64,319629.86,1174162.0,796243.63,576824.71,377918.37,1174162.0,903736.6699999999,728200.68,270425.33,1174162.0,882039.59,718559.55,292122.41,1174162.0,1064228.78,856358.77,109933.22,1174162.0,840545.22,708679.51,333616.78,924162.0,782106.11,611075.86,142055.89
Saudi Arabia,1405050.0,1164785.0,825405.49,240265.00000000003,1405050.0,1291677.76,1007525.44,113372.24000000006,1405050.0,1273856.1,1043641.2899999999,131193.8999999999,1405050.0,1214061.46,952340.04,190988.54000000004,1405050.0,966462.9,842482.11,438587.1,1405050.0,1065676.38,855657.27,339373.62000000005,1380150.0,1091012.96,749451.91,289137.04000000004
Grand Total,9338274.9,6557216.06,5188200.26,2781058.8400000003,9338274.9,7235279.129999999,5004047.92,2102995.7700000005,9338274.9,7213954.279999999,5702692.2,2124320.62,11266011.7,8987624.08,7044296.31,2278387.62,10010007.0,7671339.1899999995,5880544.680000001,2338667.81,12969712.0,9866350.46,8074324.73,3103361.54,11054071.0,8741224.14,7078177.83,2312846.86
