Country,2018 Required,2018 Available,2018 Expenditure,2018 Gap,2019 Required,2019 Available,2019 Expenditure,2019 Gap,2020 Required,2020 Available,2020 Expenditure,2020 Gap,2021 Required,2021 Available,2021 Expenditure,2021 Gap,2022 Required,2022 Available,2022 Expenditure,2022 Gap,2023 Required,2023 Available,2023 Expenditure,2023 Gap,2024 Required,2024 Available,2024 Expenditure,2024 Gap
Iraq,7018649.0,5891048.7,4674180.7,1127600.2999999998,7018649.0,5959217.69,4828541.12,1059431.31,7018649.0,5641800.96,4508823.83,1376848.04,11983758.0,9781318.51,7570971.92,2202439.49,10284618.0,9262245.36,7382708.149999999,1022372.6400000004,10452154.0,7160084.91,6221855.5200000005,3292069.0900000003,15408424.0,10507281.07,8609812.620000001,4901142.929999999
Jordan,256612.0,218880.2,163444.67,37731.79999999999,256612.0,221505.73,153017.33,35106.26999999999,256612.0,218969.81,184252.43,37642.19,256612.0,220846.44,169686.38,35765.56,256612.0,213902.15,165149.34,42709.850000000006,256612.0,183500.01,155792.27,73111.98999999999,256612.0,201246.61,176151.53,55365.390000000014
Lebanon,19144862.0,16204843.610000001,13027460.72,2940018.3899999997,19144862.0,18154710.75,12447301.89,990151.2500000015,19144862.0,14016475.729999999,9302566.17,5128386.2700000005,19144862.0,14935411.81,13154305.540000001,4209450.1899999995,19144862.0,15529587.440000001,13172368.65,3615274.5599999996,19144862.0,14039071.059999999,12207774.260000002,5105790.94,18253771.0,16517333.28,13037059.64,1736437.7200000002
Syria,15000.0,12517.75,11632.6,2482.25,15000.0,12700.2,9982.97,2299.7999999999993,15000.0,10330.99,8316.56,4669.01,15000.0,10333.89,9817.19,4666.110000000001,15000.0,11735.91,8436.84,3264.09,15000.0,12027.67,7728.87,2972.33,15000.0,13134.55,9210.51,1865.4500000000007
Grand Total,26435123.0,22327290.26,17876718.69,4107832.7399999993,26435123.0,24348134.37,17438843.31,2086988.6300000015,26435123.0,19887577.49,14003958.99,6547545.51,31400232.0,24947910.65,20904781.03,6452321.350000001,29701092.0,25017470.860000003,20728662.98,4683621.14,29868628.0,21394683.65,18593150.92,8473944.35,33933807.0,27238995.51,21832234.3,6694811.489999999
