Country,2018 Required,2018 Available,2018 Expenditure,2018 Gap,2019 Required,2019 Available,2019 Expenditure,2019 Gap,2020 Required,2020 Available,2020 Expenditure,2020 Gap,2021 Required,2021 Available,2021 Expenditure,2021 Gap,2022 Required,2022 Available,2022 Expenditure,2022 Gap,2023 Required,2023 Available,2023 Expenditure,2023 Gap,2024 Required,2024 Available,2024 Expenditure,2024 Gap
Iraq,7018649.0,5319308.149999999,3787722.16,1699340.85,7018649.0,5004296.0200000005,3776749.56,2014352.98,7018649.0,5968096.98,4323818.09,1050552.02,11983758.0,10028994.35,8266486.41,1954763.6500000001,10284618.0,7657539.0,5845836.5200000005,2627079.0,10452154.0,7803761.2299999995,6665627.09,2648392.77,15408424.0,12844336.46,11679840.96,2564087.539999999
Jordan,256612.0,159171.01,142802.16,97440.98999999999,256612.0,204454.32,172288.05,52157.67999999999,256612.0,208622.88,151765.91,47989.119999999995,256612.0,206035.1,181390.09,50576.899999999994,256612.0,238392.55,153309.88,18219.45000000001,256612.0,169891.73,126188.41,86720.26999999999,256612.0,208604.76,150413.52,48007.23999999999
Lebanon,19144862.0,13127403.41,8439526.469999999,6017458.590000001,19144862.0,17876128.810000002,12611311.66,1268733.189999999,19144862.0,17907104.55,15783968.5,1237757.4499999986,19144862.0,15162577.74,10041244.89,3982284.2600000002,19144862.0,16061327.07,9940645.48,3083534.9299999997,19144862.0,12906164.67,11507071.87,6238697.33,18253771.0,11527390.96,7200786.13,6726380.039999999
Syria,15000.0,13568.17,11834.28,1431.83,15000.0,12541.02,8271.2,2458.9799999999996,15000.0,13187.78,9713.83,1812.2199999999993,15000.0,11793.51,10657.58,3206.49,15000.0,12053.44,7466.4,2946.5599999999995,15000.0,9502.11,7912.84,5497.889999999999,15000.0,13318.3,10635.56,1681.7000000000007
Grand Total,26435123.0,18619450.740000002,12381885.069999998,7815672.260000001,26435123.0,23097420.17,16568620.469999999,3337702.8299999987,26435123.0,24097012.19,20269266.33,2338110.809999999,31400232.0,25409400.7,18499778.97,5990831.300000001,29701092.0,23969312.060000002,15947258.280000001,5731779.9399999995,29868628.0,20889319.74,18306800.209999997,8979308.260000002,33933807.0,24593650.48,19041676.169999998,9340156.519999998
